<?xml version="1.0" encoding="UTF-8"?>
<svg width="19px" height="19px" viewBox="0 0 19 19" version="1.1" xmlns="http://www.w3.org/2000/svg" xmlns:xlink="http://www.w3.org/1999/xlink">
    <title>5504A653-4521-4077-AE2E-52A11425DDB5</title>
    <g id="Desktop" stroke="none" stroke-width="1" fill="none" fill-rule="evenodd">
        <g id="LP_ProfileOverview_MyProfile" transform="translate(-662.000000, -235.000000)">
            <g id="Group-41" transform="translate(0.000000, 71.000000)">
                <g id="Group-40" transform="translate(345.000000, 160.000000)">
                    <g id="Group-12" transform="translate(317.000000, 0.000000)">
                        <g id="ic_calendar_black" transform="translate(0.000000, 4.000000)">
                            <polygon id="Shape" points="0 0 19 0 19 19 0 19"></polygon>
                            <polygon id="Shape" fill="#FFFFFF" points="11.4166667 12.4228395 11.4166667 15.0848765 14.2916667 15.0848765 14.2916667 12.4228395"></polygon>
                            <path d="M3.53703704,3.54938272 C2.59148148,3.54938272 1.84185185,4.25925926 1.84185185,5.12688615 L1.83333333,16.1694102 C1.83333333,17.037037 2.59148148,17.7469136 3.53703704,17.7469136 L15.462963,17.7469136 C16.4,17.7469136 17.1666667,17.037037 17.1666667,16.1694102 L17.1666667,5.12688615 C17.1666667,4.25925926 16.4,3.54938272 15.462963,3.54938272 L3.53703704,3.54938272 Z" id="Path" stroke="#FFFFFF" stroke-width="2"></path>
                            <line x1="4.70833333" y1="0.887345679" x2="4.70833333" y2="2.66203704" id="Line" stroke="#FFFFFF" stroke-width="2" fill="#FFFFFF"></line>
                            <line x1="2.79166667" y1="7.98611111" x2="17.1666667" y2="7.98611111" id="Line-Copy-2" stroke="#FFFFFF" stroke-width="2" fill="#FFFFFF" stroke-linecap="square"></line>
                            <line x1="14.2916667" y1="0.887345679" x2="14.2916667" y2="2.66203704" id="Line-Copy" stroke="#FFFFFF" stroke-width="2" fill="#FFFFFF"></line>
                        </g>
                    </g>
                </g>
            </g>
        </g>
    </g>
</svg>